{"cameraMode":{"drawMode":0,"name":"Shaded","section":"Shading Mode"},"sceneLighting":false,"audioPlay":false,"sceneViewState":{"showFog":true,"showMaterialUpdate":true,"showSkybox":true,"showFlares":true,"showImageEffects":true,"showParticleSystems":true},"in2DMode":false,"pivot":{"x":-0.004478573799133301,"y":1.4859288930892945,"z":-0.22334519028663636},"rotation":{"x":0.42565903067588808,"y":-0.1127014085650444,"z":0.05352655053138733,"w":0.8962409496307373},"size":5.166378498077393,"orthographic":true}