{"cameraMode":{"drawMode":0,"name":"Shaded","section":"Shading Mode"},"sceneLighting":false,"audioPlay":false,"sceneViewState":{"showFog":true,"showMaterialUpdate":true,"showSkybox":true,"showFlares":true,"showImageEffects":true,"showParticleSystems":true},"in2DMode":false,"pivot":{"x":0.006366729736328125,"y":4.066762924194336,"z":-0.35304582118988039},"rotation":{"x":0.39770233631134035,"y":-0.12923197448253632,"z":0.0566910058259964,"w":0.9065969586372376},"size":15.541285514831543,"orthographic":true}