{"cameraMode":{"drawMode":0,"name":"Shaded","section":"Shading Mode"},"sceneLighting":false,"audioPlay":false,"sceneViewState":{"showFog":true,"showMaterialUpdate":true,"showSkybox":true,"showFlares":true,"showImageEffects":true,"showParticleSystems":true},"in2DMode":false,"pivot":{"x":-0.15099811553955079,"y":2.2050020694732668,"z":-0.27155542373657229},"rotation":{"x":0.42565903067588808,"y":-0.1127014085650444,"z":0.05352655053138733,"w":0.8962409496307373},"size":22.981626510620118,"orthographic":true}