{"cameraMode":{"drawMode":0,"name":"Shaded","section":"Shading Mode"},"sceneLighting":true,"audioPlay":false,"sceneViewState":{"showFog":true,"showMaterialUpdate":true,"showSkybox":true,"showFlares":true,"showImageEffects":true,"showParticleSystems":true},"in2DMode":false,"pivot":{"x":8.177468299865723,"y":-2.72119140625,"z":3.108135223388672},"rotation":{"x":-0.2822340428829193,"y":0.5965973734855652,"z":-0.23608484864234925,"w":-0.7132177352905273},"size":5.723244667053223,"orthographic":true}