{"cameraMode":{"drawMode":0,"name":"Shaded","section":"Shading Mode"},"sceneLighting":false,"audioPlay":false,"sceneViewState":{"showFog":true,"showMaterialUpdate":true,"showSkybox":true,"showFlares":true,"showImageEffects":true,"showParticleSystems":true},"in2DMode":false,"pivot":{"x":0.013462305068969727,"y":0.07260515540838242,"z":0.010871648788452149},"rotation":{"x":0.39770233631134035,"y":-0.12923197448253632,"z":0.0566910058259964,"w":0.9065969586372376},"size":6.112537384033203,"orthographic":true}