{"cameraMode":{"drawMode":0,"name":"Shaded","section":"Shading Mode"},"sceneLighting":true,"audioPlay":false,"sceneViewState":{"showFog":true,"showMaterialUpdate":true,"showSkybox":true,"showFlares":true,"showImageEffects":true,"showParticleSystems":true},"in2DMode":false,"pivot":{"x":-2.163621187210083,"y":-2.412836790084839,"z":-3.170799732208252},"rotation":{"x":-0.1213928684592247,"y":0.8291271328926086,"z":-0.19790838658809663,"w":-0.5085708498954773},"size":17.089262008666993,"orthographic":false}