{"cameraMode":{"drawMode":0,"name":"Shaded","section":"Shading Mode"},"sceneLighting":false,"audioPlay":false,"sceneViewState":{"showFog":true,"showMaterialUpdate":true,"showSkybox":true,"showFlares":true,"showImageEffects":true,"showParticleSystems":true},"in2DMode":false,"pivot":{"x":0.21799999475479127,"y":0.9756748676300049,"z":0.896574854850769},"rotation":{"x":-0.11784733831882477,"y":0.7323740124702454,"z":-0.13123588263988496,"w":-0.6576606035232544},"size":1.6686534881591797,"orthographic":false}