{"cameraMode":{"drawMode":0,"name":"Shaded","section":"Shading Mode"},"sceneLighting":false,"audioPlay":false,"sceneViewState":{"showFog":true,"showMaterialUpdate":true,"showSkybox":true,"showFlares":true,"showImageEffects":true,"showParticleSystems":true},"in2DMode":false,"pivot":{"x":0.10513854026794434,"y":0.2509157955646515,"z":0.11738425493240357},"rotation":{"x":0.39770233631134035,"y":-0.12923197448253632,"z":0.0566910058259964,"w":0.9065969586372376},"size":6.231630325317383,"orthographic":true}