{"cameraMode":{"drawMode":0,"name":"Shaded","section":"Shading Mode"},"sceneLighting":false,"audioPlay":false,"sceneViewState":{"showFog":true,"showMaterialUpdate":true,"showSkybox":true,"showFlares":true,"showImageEffects":true,"showParticleSystems":true},"in2DMode":false,"pivot":{"x":-5.039996147155762,"y":-19.286426544189454,"z":0.36926937103271487},"rotation":{"x":-0.3993120789527893,"y":0.2992655038833618,"z":-0.1397237926721573,"w":-0.855258584022522},"size":0.2706014811992645,"orthographic":false}