{"cameraMode":{"drawMode":0,"name":"Shaded","section":"Shading Mode"},"sceneLighting":true,"audioPlay":false,"sceneViewState":{"showFog":true,"showMaterialUpdate":true,"showSkybox":true,"showFlares":true,"showImageEffects":true,"showParticleSystems":true},"in2DMode":false,"pivot":{"x":95.13653564453125,"y":34.93233108520508,"z":27.078907012939454},"rotation":{"x":0.0992312952876091,"y":-0.6373428702354431,"z":0.08325842022895813,"w":0.7596151828765869},"size":25.331392288208009,"orthographic":true}