{"cameraMode":{"drawMode":0,"name":"Shaded","section":"Shading Mode"},"sceneLighting":false,"audioPlay":false,"sceneViewState":{"showFog":true,"showMaterialUpdate":true,"showSkybox":true,"showFlares":true,"showImageEffects":true,"showParticleSystems":true},"in2DMode":false,"pivot":{"x":2.6489999294281008,"y":1.5800000429153443,"z":1.253999948501587},"rotation":{"x":-0.3993120789527893,"y":0.2992655038833618,"z":-0.1397237926721573,"w":-0.855258584022522},"size":0.3585527837276459,"orthographic":false}