{"cameraMode":{"drawMode":0,"name":"Shaded","section":"Shading Mode"},"sceneLighting":false,"audioPlay":false,"sceneViewState":{"showFog":true,"showMaterialUpdate":true,"showSkybox":true,"showFlares":true,"showImageEffects":true,"showParticleSystems":true},"in2DMode":false,"pivot":{"x":0.0017247200012207032,"y":0.0016680359840393067,"z":-0.0007992982864379883},"rotation":{"x":0.42565903067588808,"y":-0.1127014085650444,"z":0.05352655053138733,"w":0.8962409496307373},"size":2.4452738761901857,"orthographic":true}