{"cameraMode":{"drawMode":0,"name":"Shaded","section":"Shading Mode"},"sceneLighting":false,"audioPlay":false,"sceneViewState":{"showFog":true,"showMaterialUpdate":true,"showSkybox":true,"showFlares":true,"showImageEffects":true,"showParticleSystems":true},"in2DMode":false,"pivot":{"x":0.09329986572265625,"y":12.948685646057129,"z":1.3147697448730469},"rotation":{"x":-0.23211915791034699,"y":-0.7050396203994751,"z":0.26610225439071658,"w":-0.6150036454200745},"size":222.31881713867188,"orthographic":true}