{"cameraMode":{"drawMode":0,"name":"Shaded","section":"Shading Mode"},"sceneLighting":false,"audioPlay":false,"sceneViewState":{"showFog":true,"showMaterialUpdate":true,"showSkybox":true,"showFlares":true,"showImageEffects":true,"showParticleSystems":true},"in2DMode":false,"pivot":{"x":0.9761295914649963,"y":0.3746986389160156,"z":2.4588634967803957},"rotation":{"x":-0.15916521847248078,"y":0.30740272998809817,"z":-0.052233029156923297,"w":-0.9367186427116394},"size":2.399942636489868,"orthographic":false}