{"cameraMode":{"drawMode":0,"name":"Shaded","section":"Shading Mode"},"sceneLighting":false,"audioPlay":false,"sceneViewState":{"showFog":true,"showMaterialUpdate":true,"showSkybox":true,"showFlares":true,"showImageEffects":true,"showParticleSystems":true},"in2DMode":false,"pivot":{"x":-0.8302821516990662,"y":0.06857642531394959,"z":0.019152462482452394},"rotation":{"x":0.42565903067588808,"y":-0.1127014085650444,"z":0.05352655053138733,"w":0.8962409496307373},"size":2.95241379737854,"orthographic":true}