{"cameraMode":{"drawMode":0,"name":"Shaded","section":"Shading Mode"},"sceneLighting":false,"audioPlay":false,"sceneViewState":{"showFog":true,"showMaterialUpdate":true,"showSkybox":true,"showFlares":true,"showImageEffects":true,"showParticleSystems":true},"in2DMode":false,"pivot":{"x":-0.1741352081298828,"y":0.1239696741104126,"z":0.47359561920166018},"rotation":{"x":0.42565903067588808,"y":-0.1127014085650444,"z":0.05352655053138733,"w":0.8962409496307373},"size":26.155675888061525,"orthographic":true}