{"cameraMode":{"drawMode":0,"name":"Shaded","section":"Shading Mode"},"sceneLighting":true,"audioPlay":false,"sceneViewState":{"showFog":true,"showMaterialUpdate":true,"showSkybox":true,"showFlares":true,"showImageEffects":true,"showParticleSystems":true},"in2DMode":false,"pivot":{"x":-0.7584145665168762,"y":0.965563952922821,"z":2.901517152786255},"rotation":{"x":-0.6516692638397217,"y":-0.06909041851758957,"z":0.05979488044977188,"w":-0.752979576587677},"size":6.051492691040039,"orthographic":true}