{"cameraMode":{"drawMode":0,"name":"Shaded","section":"Shading Mode"},"sceneLighting":false,"audioPlay":false,"sceneViewState":{"showFog":true,"showMaterialUpdate":true,"showSkybox":true,"showFlares":true,"showImageEffects":true,"showParticleSystems":true},"in2DMode":false,"pivot":{"x":0.03411531448364258,"y":-0.01377260684967041,"z":-0.11796069145202637},"rotation":{"x":0.39770233631134035,"y":-0.12923197448253632,"z":0.0566910058259964,"w":0.9065969586372376},"size":7.243072032928467,"orthographic":true}