{"cameraMode":{"drawMode":0,"name":"Shaded","section":"Shading Mode"},"sceneLighting":true,"audioPlay":false,"sceneViewState":{"showFog":true,"showMaterialUpdate":true,"showSkybox":true,"showFlares":true,"showImageEffects":true,"showParticleSystems":true},"in2DMode":false,"pivot":{"x":-5.581725120544434,"y":-0.7704976797103882,"z":6.508283615112305},"rotation":{"x":-0.15916521847248078,"y":0.30740272998809817,"z":-0.052233029156923297,"w":-0.9367186427116394},"size":11.882243156433106,"orthographic":false}