{"cameraMode":{"drawMode":0,"name":"Shaded","section":"Shading Mode"},"sceneLighting":false,"audioPlay":false,"sceneViewState":{"showFog":true,"showMaterialUpdate":true,"showSkybox":true,"showFlares":true,"showImageEffects":true,"showParticleSystems":true},"in2DMode":false,"pivot":{"x":-2.9423940181732179,"y":-10.03654670715332,"z":-1.9031637907028199},"rotation":{"x":-0.3993120789527893,"y":0.2992655038833618,"z":-0.1397237926721573,"w":-0.855258584022522},"size":0.27060192823410036,"orthographic":false}