{"cameraMode":{"drawMode":0,"name":"Shaded","section":"Shading Mode"},"sceneLighting":false,"audioPlay":false,"sceneViewState":{"showFog":true,"showMaterialUpdate":true,"showSkybox":true,"showFlares":true,"showImageEffects":true,"showParticleSystems":true},"in2DMode":false,"pivot":{"x":-1.4155151844024659,"y":0.5666481256484985,"z":1.3979873657226563},"rotation":{"x":-0.3829059302806854,"y":0.6033654808998108,"z":-0.40513327717781069,"w":-0.5702633261680603},"size":2.3334522247314455,"orthographic":false}