{"cameraMode":{"drawMode":0,"name":"Shaded","section":"Shading Mode"},"sceneLighting":false,"audioPlay":false,"sceneViewState":{"showFog":true,"showMaterialUpdate":true,"showSkybox":true,"showFlares":true,"showImageEffects":true,"showParticleSystems":true},"in2DMode":false,"pivot":{"x":-0.05559098720550537,"y":-0.018706053495407106,"z":0.03327387571334839},"rotation":{"x":0.39770233631134035,"y":-0.12923197448253632,"z":0.0566910058259964,"w":0.9065969586372376},"size":2.158357620239258,"orthographic":true}