{"cameraMode":{"drawMode":0,"name":"Shaded","section":"Shading Mode"},"sceneLighting":false,"audioPlay":false,"sceneViewState":{"showFog":true,"showMaterialUpdate":true,"showSkybox":true,"showFlares":true,"showImageEffects":true,"showParticleSystems":true},"in2DMode":false,"pivot":{"x":-0.026899337768554689,"y":0.23211520910263062,"z":-0.06373167037963867},"rotation":{"x":-0.23211915791034699,"y":-0.7050396203994751,"z":0.26610225439071658,"w":-0.6150036454200745},"size":44.77459716796875,"orthographic":true}